{
  "log": {
    "access": "/var/log/xray/access2.log",
    "error": "/var/log/xray/error2.log",
    "loglevel": "info"
  },
  "inbounds": [
    {
      "listen": "127.0.0.1",
      "port": 10086,
      "protocol": "dokodemo-door",
      "settings": {
        "address": "127.0.0.1"
      },
      "tag": "api"
    },
    {
      "listen": "127.0.0.1",
      "port": 5210,
      "protocol": "vmess",
      "settings": {
        "clients": [
          {
            "id": "02f21675-0333-49fb-abc9-64f9194373e3",
            "alterId": 0
#vmessWS
### ekoyulian261223 2023-12-26 VmessWS-NTLS 
},{"id": "5e661674-b782-4886-aa23-4193fde50e98","alterId": 0,"email": "ekoyulian261223"
### loli2972 2023-12-25 VmessWS-NTLS 
},{"id": "dcf46ea2-ca6f-463a-8985-40bdd466352c","alterId": 0,"email": "loli2972"
### almer92893 2023-12-25 VmessWS-NTLS 
},{"id": "9749c0bb-bce3-4143-be3a-c2b0091cefc7","alterId": 0,"email": "almer92893"
### daniel18728 2023-12-24 VmessWS-NTLS 
},{"id": "1d6bd324-2ec1-4d87-ae38-ac2c904959db","alterId": 0,"email": "daniel18728"
### edukasi 2023-12-24 VmessWS-NTLS 
},{"id": "f6aedb17-de55-4ab0-944b-340b6b487bd1","alterId": 0,"email": "edukasi"
### roy021 2023-12-24 VmessWS-NTLS 
},{"id": "e2ca54ef-2190-43f2-af3f-6c2d5b223834","alterId": 0,"email": "roy021"
### sandi012 2023-12-21 VmessWS-NTLS 
},{"id": "69a92a9a-e4ae-4904-ae1f-643d618ee9a9","alterId": 0,"email": "sandi012"
### gennn1 2023-12-21 VmessWS-NTLS 
},{"id": "dfa4a546-d281-4113-8b0d-06afa0913c16","alterId": 0,"email": "gennn1"
### cidew2772 2023-12-20 VmessWS-NTLS 
},{"id": "7a453b39-8b2c-43c0-801f-c9c01550bd16","alterId": 0,"email": "cidew2772"
### bagus6827 2023-12-19 VmessWS-NTLS 
},{"id": "36d47fc2-3904-418a-8906-400c17a9c8fc","alterId": 0,"email": "bagus6827"
### nobita002 2023-12-19 VmessWS-NTLS 
},{"id": "9cc3a05d-5dad-4b59-a8b2-17fb64532ac6","alterId": 0,"email": "nobita002"
### riveerl191223 2023-12-19 VmessWS-NTLS 
},{"id": "702f9ef5-174c-4731-bfb9-851160733be4","alterId": 0,"email": "riveerl191223"
### dehan03 2023-12-18 VmessWS-NTLS 
},{"id": "b33d9014-2266-444c-959b-7367cb99d765","alterId": 0,"email": "dehan03"
### zuckerbotvpn36 2023-12-18 VmessWS-NTLS 
},{"id": "00e6a618-8635-4f1f-8e82-ea447d21c7cd","alterId": 0,"email": "zuckerbotvpn36"
### qiuu01 2023-12-15 VmessWS-NTLS 
},{"id": "e6cc3012-cebb-4519-9c16-1a5efd6b2bee","alterId": 0,"email": "qiuu01"
### liza002 2023-12-15 VmessWS-NTLS 
},{"id": "9c3d4ae1-f51f-4a62-aeb2-237a8b632104","alterId": 0,"email": "liza002"
### ispserver 2023-12-15 VmessWS-NTLS 
},{"id": "a9c0ff86-68b1-4e75-ba7b-2d31adbb58f5","alterId": 0,"email": "ispserver"
### wahyudin02 2023-12-14 VmessWS-NTLS 
},{"id": "ff176165-d489-437f-b0b6-186918e4c4ac","alterId": 0,"email": "wahyudin02"
### ayamjago2982 2023-12-14 VmessWS-NTLS 
},{"id": "56e5771b-ce3c-4e18-bafc-2c6460785c4b","alterId": 0,"email": "ayamjago2982"
### syahril9819 2023-12-14 VmessWS-NTLS 
},{"id": "10929acf-7fa3-4c50-bcfb-83f2d484ece3","alterId": 0,"email": "syahril9819"
### indah2855 2023-12-14 VmessWS-NTLS 
},{"id": "737e3561-f5ec-463f-ac10-238bd8fc47f9","alterId": 0,"email": "indah2855"
### aris82992 2023-12-13 VmessWS-NTLS 
},{"id": "19a63f0a-d354-411f-994e-c257e756ae27","alterId": 0,"email": "aris82992"
### bembengg1 2023-12-13 VmessWS-NTLS 
},{"id": "d214b6ba-3832-4bef-a452-2ec82fcf7faf","alterId": 0,"email": "bembengg1"
### clown2 2023-12-11 VmessWS-NTLS 
},{"id": "18a769c9-7dfc-465e-8177-9b66807917fe","alterId": 0,"email": "clown2"
### zumaii1 2023-12-11 VmessWS-NTLS 
},{"id": "f1788cab-ed14-46ae-958b-7bf85f6694af","alterId": 0,"email": "zumaii1"
### mujiburrizki 2023-12-10 VmessWS-NTLS 
},{"id": "e8d66451-6a4f-4e70-abcb-548c0b9780b8","alterId": 0,"email": "mujiburrizki"
### zuckerbotvpn23 2023-12-10 VmessWS-NTLS 
},{"id": "e31d9dc2-1b64-46c0-90d8-d3a3cb8a7e05","alterId": 0,"email": "zuckerbotvpn23"
### aiiganteng1 2023-12-10 VmessWS-NTLS 
},{"id": "094f438c-ad4b-417f-934f-9b2b65382fc8","alterId": 0,"email": "aiiganteng1"
### firman19pt2 2023-12-10 VmessWS-NTLS 
},{"id": "0daf5ee9-afbf-4ebb-8611-4e9200c9eb89","alterId": 0,"email": "firman19pt2"
### kemaledu 2023-12-09 VmessWS-NTLS 
},{"id": "809af01f-d663-42de-ba6d-87499fe8bd39","alterId": 0,"email": "kemaledu"
### 20do 2023-12-22 VmessWS-NTLS 
},{"id": "70e10681-aa40-403e-9040-4cd9845ae27a","alterId": 0,"email": "20do"
### heri9739 2023-12-08 VmessWS-NTLS 
},{"id": "e7f43142-80c3-4d8c-b85f-859469749618","alterId": 0,"email": "heri9739"
### zidan 2023-12-05 VmessWS-NTLS 
},{"id": "a6425fe5-f5b2-4b33-bf68-a35cefcbf0fe","alterId": 0,"email": "zidan"
### radika8728 2023-12-05 VmessWS-NTLS 
},{"id": "c0056aa1-57d0-4a4e-b46a-c830e6b2d80a","alterId": 0,"email": "radika8728"
### denbtyp863 2023-12-04 VmessWS-NTLS 
},{"id": "7b15cf5e-5bb6-4fa3-a485-ba0e99401846","alterId": 0,"email": "denbtyp863"
### lily75347 2024-01-04 VmessWS-NTLS 
},{"id": "b9714dc3-6290-49b6-a56d-6187bc324fcc","alterId": 0,"email": "lily75347"
### koloriijo 2023-12-04 VmessWS-NTLS 
},{"id": "9d036db6-0c40-4dd6-bebd-f4120576c9d8","alterId": 0,"email": "koloriijo"
### shilvi3972 2023-12-03 VmessWS-NTLS 
},{"id": "8d768578-a4f4-41a2-907d-807295715b46","alterId": 0,"email": "shilvi3972"
### irul97929 2023-12-03 VmessWS-NTLS 
},{"id": "6ce4e857-f0cd-4d0b-8cd4-640295062667","alterId": 0,"email": "irul97929"
### hussnii0987 2023-12-02 VmessWS-NTLS 
},{"id": "792f005e-da9c-4293-9f66-d16b83f6b686","alterId": 0,"email": "hussnii0987"
### sukron02 2023-12-02 VmessWS-NTLS 
},{"id": "87b4c621-822c-417f-896b-8c0d96ed559f","alterId": 0,"email": "sukron02"
### rusakk2910 2023-12-01 VmessWS-NTLS 
},{"id": "c57183e7-f26a-4034-97ac-f2cf222e7133","alterId": 0,"email": "rusakk2910"
### sglinode1 2023-12-01 VmessWS-NTLS 
},{"id": "f7133888-efca-47d0-b811-00799149bcaf","alterId": 0,"email": "sglinode1"
### tegar009 2023-12-01 VmessWS-NTLS 
},{"id": "88b65e8b-b61d-447b-b42c-f2c09ea84dcc","alterId": 0,"email": "tegar009"
### kemal 2023-12-01 VmessWS-NTLS 
},{"id": "b7596c78-b5cc-4412-b6eb-984bb053863b","alterId": 0,"email": "kemal"
### yoga 2023-11-30 VmessWS-NTLS 
},{"id": "307c6e4f-ca3c-4a1e-a9b2-0876194e56c5","alterId": 0,"email": "yoga"
### ngab 2023-11-30 VmessWS-NTLS 
},{"id": "6c3c99fc-9fcf-4f38-b118-7f59a60d6c3a","alterId": 0,"email": "ngab"
### aprublue01 2023-11-30 VmessWS-NTLS 
},{"id": "6be7b071-9ff7-4099-9df7-8f2f4c8da0fa","alterId": 0,"email": "aprublue01"
### titojhay 2023-11-30 VmessWS-NTLS 
},{"id": "4cf81968-0c8e-4f84-b6b0-73738f79dc84","alterId": 0,"email": "titojhay"
### zuckerbotvpn16 2023-11-30 VmessWS-NTLS 
},{"id": "5520b003-93da-421b-ab27-1f83c8b008b1","alterId": 0,"email": "zuckerbotvpn16"
### rakyu02 2023-11-29 VmessWS-NTLS 
},{"id": "7284b490-8a21-4eaf-8776-c8d427522a61","alterId": 0,"email": "rakyu02"
### nisbel01 2023-11-29 VmessWS-NTLS 
},{"id": "0c706e9f-d852-42a2-b636-6d304dcd7739","alterId": 0,"email": "nisbel01"
### soleh023 2024-01-29 VmessWS-NTLS 
},{"id": "37de7038-6f4c-42cf-a742-b324a6920b8e","alterId": 0,"email": "soleh023"
### wandy0407 2023-11-28 VmessWS-NTLS 
},{"id": "c1f45359-4c24-4acc-a62d-49b20c7ebc0f","alterId": 0,"email": "wandy0407"
### zuckerbotvpn14 2023-11-28 VmessWS-NTLS 
},{"id": "95e5ce4a-b9cf-489e-8f95-35c4bc9f0afd","alterId": 0,"email": "zuckerbotvpn14"
### curvanord 2023-12-20 VmessWS-NTLS 
},{"id": "cd83efaf-40ef-40d5-9f3a-0edde28bfd4a","alterId": 0,"email": "curvanord"
### mitha 2023-12-04 VmessWS-NTLS 
},{"id": "af68527d-733b-46a9-a285-ed84cc4e42ec","alterId": 0,"email": "mitha"
### rizzki001 2023-12-02 VmessWS-NTLS 
},{"id": "80911921-b032-4ee0-9f94-5fd1600d0edc","alterId": 0,"email": "rizzki001"
### 13des2023 2023-12-13 VmessWS-NTLS 
},{"id": "9016eab6-d496-47b1-967b-dd4f5d1ad752","alterId": 0,"email": "13des2023"
          }
        ]
      },
      "streamSettings": {
        "network": "ws",
        "wsSettings": {
          "path": "/vmess-ws",
          "headers": {
            "Host": ""
          }
         },
        "quicSettings": {},
        "sockopt": {
          "mark": 0,
          "tcpFastOpen": true
        }
      },
      "sniffing": {
        "enabled": true,
        "destOverride": [
          "http",
          "tls"
        ]
      },
      "domain": "sg-lite.ordervpn.my.id"
    },
      {
      "listen": "127.0.0.1",
      "port": 5211,
      "protocol": "vless",
      "settings": {
        "clients": [
          {
            "id": "02f21675-0333-49fb-abc9-64f9194373e3"
#vlessWS
          }
        ],
        "decryption": "none"
      },
      "streamSettings": {
        "network": "ws",
        "wsSettings": {
          "path": "/vlessws",
          "headers": {
            "Host": ""
          }
         },
        "quicSettings": {},
        "sockopt": {
          "mark": 0,
          "tcpFastOpen": true
        }
      },
      "sniffing": {
        "enabled": true,
        "destOverride": [
          "http",
          "tls"
        ]
      },
      "domain": "sg-lite.ordervpn.my.id"
    }
  ],
  "outbounds": [
    {
      "protocol": "freedom",
      "settings": {}
    },
    {
      "protocol": "blackhole",
      "settings": {},
      "tag": "blocked"
    }
  ],
  "routing": {
    "rules": [
      {
        "type": "field",
        "ip": [
          "0.0.0.0/8",
          "10.0.0.0/8",
          "100.64.0.0/10",
          "169.254.0.0/16",
          "172.16.0.0/12",
          "192.0.0.0/24",
          "192.0.2.0/24",
          "192.168.0.0/16",
          "198.18.0.0/15",
          "198.51.100.0/24",
          "203.0.113.0/24",
          "::1/128",
          "fc00::/7",
          "fe80::/10"
        ],
        "outboundTag": "blocked"
      },
      {
        "inboundTag": [
          "api"
        ],
        "outboundTag": "api",
        "type": "field"
      },
      {
        "type": "field",
        "outboundTag": "blocked",
        "protocol": [
          "bittorrent"
        ]
      }
    ]
  },
  "stats": {},
  "api": {
    "services": [
      "StatsService"
    ],
    "tag": "api"
  },
  "policy": {
    "levels": {
      "0": {
        "statsUserDownlink": true,
        "statsUserUplink": true
      }
    },
    "system": {
      "statsInboundUplink": true,
      "statsInboundDownlink": true,
      "statsOutboundUplink" : true,
      "statsOutboundDownlink" : true
    }
  }
}
