{
  "log": {
    "access": "/var/log/xray/access2.log",
    "error": "/var/log/xray/error2.log",
    "loglevel": "info"
  },
  "inbounds": [
    {
      "listen": "127.0.0.1",
      "port": 10086,
      "protocol": "dokodemo-door",
      "settings": {
        "address": "127.0.0.1"
      },
      "tag": "api"
    },
    {
      "listen": "127.0.0.1",
      "port": 5210,
      "protocol": "vmess",
      "settings": {
        "clients": [
          {
            "id": "e79af17c-84e8-4eea-8373-c298643f77c5",
            "alterId": 0
#vmessWS
### phiadwikartini 2023-12-24 VmessWS-NTLS 
},{"id": "f03fbf66-6a1f-4287-bf44-5d5478c07918","alterId": 0,"email": "phiadwikartini"
### zcbtvpn43 2023-12-24 VmessWS-NTLS 
},{"id": "65dcae67-b446-4da9-83cd-61be9d14f1f2","alterId": 0,"email": "zcbtvpn43"
### imam03 2023-12-24 VmessWS-NTLS 
},{"id": "fc74f652-dfcf-40d3-a2e8-2dd1ef1b5c9c","alterId": 0,"email": "imam03"
### gill 2024-01-23 VmessWS-NTLS 
},{"id": "1714d4e5-41de-4077-99e9-e1ea5d5cfacd","alterId": 0,"email": "gill"
### auditore1 2023-12-22 VmessWS-NTLS 
},{"id": "3c909f01-5d22-41da-b114-7a42016944dc","alterId": 0,"email": "auditore1"
### mukmin3873 2023-12-21 VmessWS-NTLS 
},{"id": "0b403543-c2a4-4949-946c-ab240b8e58f5","alterId": 0,"email": "mukmin3873"
### rstw01 2023-12-20 VmessWS-NTLS 
},{"id": "777a1fb1-6d3d-4272-9e21-276888dfa81b","alterId": 0,"email": "rstw01"
### nazai03 2023-12-20 VmessWS-NTLS 
},{"id": "8426af25-40de-4e10-a2b3-c38e4f95d307","alterId": 0,"email": "nazai03"
### zeetart2 2023-12-16 VmessWS-NTLS 
},{"id": "278735f4-d876-45be-84f2-20c352b2c03f","alterId": 0,"email": "zeetart2"
### raimond161223 2023-12-16 VmessWS-NTLS 
},{"id": "5bea3037-0e89-4472-b860-a6a1e4b6bfea","alterId": 0,"email": "raimond161223"
### shilvi8729 2023-12-14 VmessWS-NTLS 
},{"id": "b425f027-9e10-4e4d-bd14-a2351471bfff","alterId": 0,"email": "shilvi8729"
### amir2802 2023-12-11 VmessWS-NTLS 
},{"id": "209965ac-cd83-4fea-b353-a78ae5e676c3","alterId": 0,"email": "amir2802"
### nugix1 2023-12-11 VmessWS-NTLS 
},{"id": "36ffcf1b-d99a-4adf-bc11-f745bfd74f67","alterId": 0,"email": "nugix1"
### haruneko9829 2023-12-09 VmessWS-NTLS 
},{"id": "a8f25c96-ed89-4b92-916f-82ff39240cef","alterId": 0,"email": "haruneko9829"
### estebe 2023-12-07 VmessWS-NTLS 
},{"id": "23268c57-0c7e-4ebd-9c4c-71122c27a326","alterId": 0,"email": "estebe"
### zaenal7629 2023-12-06 VmessWS-NTLS 
},{"id": "31a88f4b-c4b7-4f9b-ba89-cf8f385c0059","alterId": 0,"email": "zaenal7629"
### tsel07 2023-12-06 VmessWS-NTLS 
},{"id": "d079041e-7c73-470a-a487-2dbff0766f74","alterId": 0,"email": "tsel07"
### omgenjor97288 2024-01-04 VmessWS-NTLS 
},{"id": "ea2835ae-0696-440f-b902-dd0033ea7069","alterId": 0,"email": "omgenjor97288"
### client1 2024-01-03 VmessWS-NTLS 
},{"id": "c902bc57-558b-4463-b45a-f685f1719736","alterId": 0,"email": "client1"
### kholid1326 2023-12-02 VmessWS-NTLS 
},{"id": "4851545b-df6f-40e8-a2b0-aefecaf81818","alterId": 0,"email": "kholid1326"
### ratna8556 2023-12-01 VmessWS-NTLS 
},{"id": "5f6294e5-1525-442d-b202-04d37167f892","alterId": 0,"email": "ratna8556"
### ridhooo901 2023-12-01 VmessWS-NTLS 
},{"id": "d7f21833-67a1-4133-a167-ef13f04626e7","alterId": 0,"email": "ridhooo901"
### zuckerbotvpn18 2023-11-30 VmessWS-NTLS 
},{"id": "5bbdff87-c320-472b-869f-df0d422759ed","alterId": 0,"email": "zuckerbotvpn18"
### akeew01 2023-12-16 VmessWS-NTLS 
},{"id": "03811fdf-7043-4f83-aedb-c03cf3c803d2","alterId": 0,"email": "akeew01"
          }
        ]
      },
      "streamSettings": {
        "network": "ws",
        "wsSettings": {
          "path": "/vmess-ws",
          "headers": {
            "Host": ""
          }
         },
        "quicSettings": {},
        "sockopt": {
          "mark": 0,
          "tcpFastOpen": true
        }
      },
      "sniffing": {
        "enabled": true,
        "destOverride": [
          "http",
          "tls"
        ]
      },
      "domain": "linode.ordervpn.my.id"
    },
      {
      "listen": "127.0.0.1",
      "port": 5211,
      "protocol": "vless",
      "settings": {
        "clients": [
          {
            "id": "e79af17c-84e8-4eea-8373-c298643f77c5"
#vlessWS
          }
        ],
        "decryption": "none"
      },
      "streamSettings": {
        "network": "ws",
        "wsSettings": {
          "path": "/vlessws",
          "headers": {
            "Host": ""
          }
         },
        "quicSettings": {},
        "sockopt": {
          "mark": 0,
          "tcpFastOpen": true
        }
      },
      "sniffing": {
        "enabled": true,
        "destOverride": [
          "http",
          "tls"
        ]
      },
      "domain": "linode.ordervpn.my.id"
    }
  ],
  "outbounds": [
    {
      "protocol": "freedom",
      "settings": {}
    },
    {
      "protocol": "blackhole",
      "settings": {},
      "tag": "blocked"
    }
  ],
  "routing": {
    "rules": [
      {
        "type": "field",
        "ip": [
          "0.0.0.0/8",
          "10.0.0.0/8",
          "100.64.0.0/10",
          "169.254.0.0/16",
          "172.16.0.0/12",
          "192.0.0.0/24",
          "192.0.2.0/24",
          "192.168.0.0/16",
          "198.18.0.0/15",
          "198.51.100.0/24",
          "203.0.113.0/24",
          "::1/128",
          "fc00::/7",
          "fe80::/10"
        ],
        "outboundTag": "blocked"
      },
      {
        "inboundTag": [
          "api"
        ],
        "outboundTag": "api",
        "type": "field"
      },
      {
        "type": "field",
        "outboundTag": "blocked",
        "protocol": [
          "bittorrent"
        ]
      }
    ]
  },
  "stats": {},
  "api": {
    "services": [
      "StatsService"
    ],
    "tag": "api"
  },
  "policy": {
    "levels": {
      "0": {
        "statsUserDownlink": true,
        "statsUserUplink": true
      }
    },
    "system": {
      "statsInboundUplink": true,
      "statsInboundDownlink": true,
      "statsOutboundUplink" : true,
      "statsOutboundDownlink" : true
    }
  }
}
