{
  "log": {
    "access": "/var/log/xray/access2.log",
    "error": "/var/log/xray/error2.log",
    "loglevel": "info"
  },
  "inbounds": [
    {
      "listen": "127.0.0.1",
      "port": 10086,
      "protocol": "dokodemo-door",
      "settings": {
        "address": "127.0.0.1"
      },
      "tag": "api"
    },
    {
      "listen": "127.0.0.1",
      "port": 5210,
      "protocol": "vmess",
      "settings": {
        "clients": [
          {
            "id": "7282d7cd-5d9f-4147-9890-c75a2dcec1db",
            "alterId": 0
#vmessWS
### aguslaparbu 2023-12-26 VmessWS-NTLS 
},{"id": "b8ff15f1-ceea-46fb-8550-bb3b6cdfbf93","alterId": 0,"email": "aguslaparbu"
### ahul29792 2023-12-26 VmessWS-NTLS 
},{"id": "0cd3735a-131b-43a8-b8b8-98c45c438d70","alterId": 0,"email": "ahul29792"
### ilham23 2023-12-23 VmessWS-NTLS 
},{"id": "e6e990e0-65e0-4b14-bd93-2e21e62df7b2","alterId": 0,"email": "ilham23"
### zigot 2023-12-20 VmessWS-NTLS 
},{"id": "e833fd0f-5275-4c24-b421-3b27d191c610","alterId": 0,"email": "zigot"
### dderina2 2024-01-19 VmessWS-NTLS 
},{"id": "0e558d1d-c681-4170-96b0-84118314515d","alterId": 0,"email": "dderina2"
### viona8972 2023-12-17 VmessWS-NTLS 
},{"id": "01fd37b1-2649-4b65-b4cc-54007476342b","alterId": 0,"email": "viona8972"
### samlekom2993 2023-12-15 VmessWS-NTLS 
},{"id": "05d59fa2-5410-4d24-8439-769d3ce02593","alterId": 0,"email": "samlekom2993"
### zido04 2023-12-15 VmessWS-NTLS 
},{"id": "a8c479cc-b2ff-4767-a6d7-ca6654dc8059","alterId": 0,"email": "zido04"
### masekon 2023-12-14 VmessWS-NTLS 
},{"id": "cd554a01-40f3-4a57-850a-995a94e36501","alterId": 0,"email": "masekon"
### jenengku1 2023-12-13 VmessWS-NTLS 
},{"id": "3cc0e8f1-5495-436c-9fad-79af9af29dc2","alterId": 0,"email": "jenengku1"
### martine3420 2023-12-10 VmessWS-NTLS 
},{"id": "2c84805f-ebb8-449d-a885-837eec5be6f1","alterId": 0,"email": "martine3420"
### afdalalifgacor 2023-12-10 VmessWS-NTLS 
},{"id": "fcab04e4-19c7-4f42-98d4-fd0bab11e697","alterId": 0,"email": "afdalalifgacor"
### juanstb1 2023-12-10 VmessWS-NTLS 
},{"id": "dea053f5-b5ba-4dba-8fba-da9673247674","alterId": 0,"email": "juanstb1"
### mamak 2023-12-08 VmessWS-NTLS 
},{"id": "c27e6426-d5ce-4a22-87ab-ea0389930ab1","alterId": 0,"email": "mamak"
### aditiyaa24 2023-12-06 VmessWS-NTLS 
},{"id": "e64a2671-6cf9-40ee-9c27-c71748811849","alterId": 0,"email": "aditiyaa24"
### miyuki3567 2023-12-05 VmessWS-NTLS 
},{"id": "76e5b037-8346-4d21-9a63-be7b18a9b909","alterId": 0,"email": "miyuki3567"
### zuckerbotvpn21 2023-12-03 VmessWS-NTLS 
},{"id": "a22bb017-1bc4-4ae5-9c4a-e7d7ed1ef0eb","alterId": 0,"email": "zuckerbotvpn21"
### anam07529 2023-12-02 VmessWS-NTLS 
},{"id": "483c0ed7-a001-4116-affc-db8332fc7638","alterId": 0,"email": "anam07529"
### glenia01 2023-12-02 VmessWS-NTLS 
},{"id": "147d925a-a1b7-4c5c-9958-1d117e48d1e3","alterId": 0,"email": "glenia01"
### nindi097 2023-12-02 VmessWS-NTLS 
},{"id": "753d1d34-64ed-4433-9484-26b3cf7bd14d","alterId": 0,"email": "nindi097"
### ferdy0986 2023-12-02 VmessWS-NTLS 
},{"id": "89db30b6-15cc-4e3d-8113-0a7668c90e29","alterId": 0,"email": "ferdy0986"
### alkaroyal01 2023-12-02 VmessWS-NTLS 
},{"id": "2818487f-3964-49e0-b755-654d52a35fd6","alterId": 0,"email": "alkaroyal01"
### zahwann098 2023-12-01 VmessWS-NTLS 
},{"id": "b76394d7-40df-4eb3-8784-7351390863be","alterId": 0,"email": "zahwann098"
### lik1 2023-12-01 VmessWS-NTLS 
},{"id": "11f9bd27-8e8d-48b4-8009-09018aa049d4","alterId": 0,"email": "lik1"
### linodereni01 2023-12-01 VmessWS-NTLS 
},{"id": "c93a1874-23cb-4453-bf08-3995aeeb4b16","alterId": 0,"email": "linodereni01"
### richo099 2023-11-30 VmessWS-NTLS 
},{"id": "3e0d6c3f-6784-45db-9c7c-33f18a4d2632","alterId": 0,"email": "richo099"
### ipull02 2023-11-30 VmessWS-NTLS 
},{"id": "49b777b5-afa5-4837-8605-c3d45edc4ada","alterId": 0,"email": "ipull02"
### zuckerbotvpn15 2023-11-30 VmessWS-NTLS 
},{"id": "a1332510-ff22-4349-a685-523790be2861","alterId": 0,"email": "zuckerbotvpn15"
### premiumonly 2023-11-29 VmessWS-NTLS 
},{"id": "8bdf35c0-43bd-4247-aa68-000bea356cab","alterId": 0,"email": "premiumonly"
### kunssh11 2023-11-29 VmessWS-NTLS 
},{"id": "fa9ec962-8f9a-43ec-82b4-a2e718bba987","alterId": 0,"email": "kunssh11"
### andree01012 2023-11-28 VmessWS-NTLS 
},{"id": "f9b58f4e-1d0a-450a-9a76-1d009dda69f8","alterId": 0,"email": "andree01012"
### zuckerbotvpn5 2023-12-16 VmessWS-NTLS 
},{"id": "1abf9ef9-a8c1-4994-a827-70705702260a","alterId": 0,"email": "zuckerbotvpn5"
          }
        ]
      },
      "streamSettings": {
        "network": "ws",
        "wsSettings": {
          "path": "/vmessws",
          "headers": {
            "Host": ""
          }
         },
        "quicSettings": {},
        "sockopt": {
          "mark": 0,
          "tcpFastOpen": true
        }
      },
      "sniffing": {
        "enabled": true,
        "destOverride": [
          "http",
          "tls"
        ]
      },
      "domain": "id-7.ordervpn.my.id"
    },
      {
      "listen": "127.0.0.1",
      "port": 5211,
      "protocol": "vless",
      "settings": {
        "clients": [
          {
            "id": "7282d7cd-5d9f-4147-9890-c75a2dcec1db"
#vlessWS
          }
        ],
        "decryption": "none"
      },
      "streamSettings": {
        "network": "ws",
        "wsSettings": {
          "path": "/vlessws",
          "headers": {
            "Host": ""
          }
         },
        "quicSettings": {},
        "sockopt": {
          "mark": 0,
          "tcpFastOpen": true
        }
      },
      "sniffing": {
        "enabled": true,
        "destOverride": [
          "http",
          "tls"
        ]
      },
      "domain": "id-7.ordervpn.my.id"
    }
  ],
  "outbounds": [
    {
      "protocol": "freedom",
      "settings": {}
    },
    {
      "protocol": "blackhole",
      "settings": {},
      "tag": "blocked"
    }
  ],
  "routing": {
    "rules": [
      {
        "type": "field",
        "ip": [
          "0.0.0.0/8",
          "10.0.0.0/8",
          "100.64.0.0/10",
          "169.254.0.0/16",
          "172.16.0.0/12",
          "192.0.0.0/24",
          "192.0.2.0/24",
          "192.168.0.0/16",
          "198.18.0.0/15",
          "198.51.100.0/24",
          "203.0.113.0/24",
          "::1/128",
          "fc00::/7",
          "fe80::/10"
        ],
        "outboundTag": "blocked"
      },
      {
        "inboundTag": [
          "api"
        ],
        "outboundTag": "api",
        "type": "field"
      },
      {
        "type": "field",
        "outboundTag": "blocked",
        "protocol": [
          "bittorrent"
        ]
      }
    ]
  },
  "stats": {},
  "api": {
    "services": [
      "StatsService"
    ],
    "tag": "api"
  },
  "policy": {
    "levels": {
      "0": {
        "statsUserDownlink": true,
        "statsUserUplink": true
      }
    },
    "system": {
      "statsInboundUplink": true,
      "statsInboundDownlink": true,
      "statsOutboundUplink" : true,
      "statsOutboundDownlink" : true
    }
  }
}
